,State,Name,Link,Address,Graduation Rate,SAT,AP,College Attendance,College Retention
0,massachusetts,MA Academy for Math and Science School,/massachusetts/worcester/34-MA-Academy-For-Math-And-Science-School/,"85 Prescott Street, Worcester, MA 01605",100,1446,0,88,100
1,massachusetts,Lynnfield High School,/massachusetts/lynnfield/997-Lynnfield-High-School/,"275 Essex Street, Lynnfield, MA 01940",99,1141,25,86,95
2,massachusetts,Acton-Boxborough Regional High School,/massachusetts/acton/67-Acton-Boxborough-Regional-High-School/,"36 Charter Road, Acton, MA 01720",97,1307,21,87,97
3,massachusetts,Ashland High School,/massachusetts/ashland/115-Ashland-High-School/,"65 East Union Street, Ashland, MA 01721",96,1200,19,88,96
4,massachusetts,Blackstone Valley Regional Vocational Tech High School,/massachusetts/upton/217-Blackstone-Valley-Regional-Vocational-Tech-High-School/,"65 Pleasant Street, Upton, MA 01568",99,1091,22,70,96
5,massachusetts,Chelmsford High School,/massachusetts/chelmsford/470-Chelmsford-High-School/,"200 Richardson Road, Chelmsford, MA 01863",98,1182,24,86,92
6,massachusetts,Concord Carlisle High School,/massachusetts/concord/513-Concord-Carlisle-High-School/,"500 Walden Street, Concord, MA 01742",97,1267,16,84,94
7,massachusetts,Dover-Sherborn Regional High School,/massachusetts/dover/554-Dover-Sherborn-Regional-High-School/,"9 Junction Street, Dover, MA 02030",99,1285,30,87,94
8,massachusetts,Duxbury High School,/massachusetts/duxbury/569-Duxbury-High-School/,"130 Saint George Street, Duxbury, MA 02332",99,1181,29,83,93
9,massachusetts,Hamilton-Wenham Regional High School,/massachusetts/hamilton/765-Hamilton-Wenham-Regional-High-School/,"775 Bay Road, Hamilton, MA 01982",99,1177,31,89,99
10,massachusetts,Hingham High School,/massachusetts/hingham/814-Hingham-High-School/,"17 Union Street, Hingham, MA 02043",97,1201,21,84,97
11,massachusetts,Hopkinton High School,/massachusetts/hopkinton/849-Hopkinton-High-School/,"90 Hayden Rowe Street, Hopkinton, MA 01748",99,1246,45,87,96
12,massachusetts,Lexington High School,/massachusetts/lexington/912-Lexington-High-School/,"251 Waltham Street, Lexington, MA 02421",99,1297,22,83,96
13,massachusetts,Masconomet Regional High School,/massachusetts/boxford/1042-Masconomet-Regional-High-School/,"20 Endicott Road, Boxford, MA 01921",98,1179,26,89,95
14,massachusetts,Medfield Senior High School,/massachusetts/medfield/1055-Medfield-Senior-High-School/,"88 South Street, Medfield, MA 02052",98,1208,43,92,97
15,massachusetts,Needham High School,/massachusetts/needham/1168-Needham-High-School/,"609 Webster Street, Needham, MA 02494",98,1218,29,84,96
16,massachusetts,Algonquin Regional High School,/massachusetts/northborough/1278-Algonquin-Regional-High-School/,"79 Bartlett Street, Northborough, MA 01532",98,1191,28,89,97
17,massachusetts,Norwell High School,/massachusetts/norwell/1293-Norwell-High-School/,"18 South Street, Norwell, MA 02061",100,1176,32,89,97
18,massachusetts,Wellesley Sr High School,/massachusetts/wellesley/1727-Wellesley-Sr-High-School/,"50 Rice Street, Wellesley, MA 02481",97,1224,20,81,96
19,massachusetts,Westborough High School,/massachusetts/westborough/1747-Westborough-High-School/,"90 West Main Street, Westborough, MA 01581",99,1221,20,83,97
20,massachusetts,Westwood High School,/massachusetts/westwood/1783-Westwood-High-School/,"200 Nahatan Street, Westwood, MA 02090",96,1193,29,90,96
21,massachusetts,Winchester High School,/massachusetts/winchester/1828-Winchester-High-School/,"80 Skillings Road, Winchester, MA 01890",99,1238,21,86,97
22,massachusetts,Nipmuc Regional High School,/massachusetts/upton/2590-Nipmuc-Regional-High-School/,"90 Pleasant Street, Upton, MA 01568",92,1154,26,84,92
23,massachusetts,MA Academy for Math and Science School,/massachusetts/worcester/34-MA-Academy-For-Math-And-Science-School/,"85 Prescott Street, Worcester, MA 01605",100,1446,0,88,Not available
24,massachusetts,Lynnfield High School,/massachusetts/lynnfield/997-Lynnfield-High-School/,"275 Essex Street, Lynnfield, MA 01940",99,1141,25,86,95
25,massachusetts,Acton-Boxborough Regional High School,/massachusetts/acton/67-Acton-Boxborough-Regional-High-School/,"36 Charter Road, Acton, MA 01720",97,1307,21,87,97
26,massachusetts,Ashland High School,/massachusetts/ashland/115-Ashland-High-School/,"65 East Union Street, Ashland, MA 01721",96,1200,19,88,96
27,massachusetts,Blackstone Valley Regional Vocational Tech High School,/massachusetts/upton/217-Blackstone-Valley-Regional-Vocational-Tech-High-School/,"65 Pleasant Street, Upton, MA 01568",99,1091,22,70,96
28,massachusetts,Chelmsford High School,/massachusetts/chelmsford/470-Chelmsford-High-School/,"200 Richardson Road, Chelmsford, MA 01863",98,1182,24,86,92
29,massachusetts,Concord Carlisle High School,/massachusetts/concord/513-Concord-Carlisle-High-School/,"500 Walden Street, Concord, MA 01742",97,1267,16,84,94
30,massachusetts,Dover-Sherborn Regional High School,/massachusetts/dover/554-Dover-Sherborn-Regional-High-School/,"9 Junction Street, Dover, MA 02030",99,1285,30,87,94
31,massachusetts,Duxbury High School,/massachusetts/duxbury/569-Duxbury-High-School/,"130 Saint George Street, Duxbury, MA 02332",99,1181,29,83,93
32,massachusetts,Hamilton-Wenham Regional High School,/massachusetts/hamilton/765-Hamilton-Wenham-Regional-High-School/,"775 Bay Road, Hamilton, MA 01982",99,1177,31,89,99
33,massachusetts,Hingham High School,/massachusetts/hingham/814-Hingham-High-School/,"17 Union Street, Hingham, MA 02043",97,1201,21,84,97
34,massachusetts,Hopkinton High School,/massachusetts/hopkinton/849-Hopkinton-High-School/,"90 Hayden Rowe Street, Hopkinton, MA 01748",99,1246,45,87,96
35,massachusetts,Lexington High School,/massachusetts/lexington/912-Lexington-High-School/,"251 Waltham Street, Lexington, MA 02421",99,1297,22,83,96
36,massachusetts,Masconomet Regional High School,/massachusetts/boxford/1042-Masconomet-Regional-High-School/,"20 Endicott Road, Boxford, MA 01921",98,1179,26,89,95
37,massachusetts,Medfield Senior High School,/massachusetts/medfield/1055-Medfield-Senior-High-School/,"88 South Street, Medfield, MA 02052",98,1208,43,92,97
38,massachusetts,Needham High School,/massachusetts/needham/1168-Needham-High-School/,"609 Webster Street, Needham, MA 02494",98,1218,29,84,96
39,massachusetts,Algonquin Regional High School,/massachusetts/northborough/1278-Algonquin-Regional-High-School/,"79 Bartlett Street, Northborough, MA 01532",98,1191,28,89,97
40,massachusetts,Norwell High School,/massachusetts/norwell/1293-Norwell-High-School/,"18 South Street, Norwell, MA 02061",100,1176,32,89,97
41,massachusetts,Wellesley Sr High School,/massachusetts/wellesley/1727-Wellesley-Sr-High-School/,"50 Rice Street, Wellesley, MA 02481",97,1224,20,81,96
42,massachusetts,Westborough High School,/massachusetts/westborough/1747-Westborough-High-School/,"90 West Main Street, Westborough, MA 01581",99,1221,20,83,97
43,massachusetts,Westwood High School,/massachusetts/westwood/1783-Westwood-High-School/,"200 Nahatan Street, Westwood, MA 02090",96,1193,29,90,96
44,massachusetts,Winchester High School,/massachusetts/winchester/1828-Winchester-High-School/,"80 Skillings Road, Winchester, MA 01890",99,1238,21,86,97
45,massachusetts,Nipmuc Regional High School,/massachusetts/upton/2590-Nipmuc-Regional-High-School/,"90 Pleasant Street, Upton, MA 01568",92,1154,26,84,92
46,massachusetts,Arlington High School,/massachusetts/arlington/101-Arlington-High-School/,"869 Massachusetts Avenue, Arlington, MA 02476",97,1216,29,80,92
47,massachusetts,Bedford High School,/massachusetts/bedford/166-Bedford-High-School/,"9 Mudge Way, Bedford, MA 01730",98,1203,14,84,93
48,massachusetts,Belmont High School,/massachusetts/belmont/182-Belmont-High-School/,"221 Concord Avenue, Belmont, MA 02478",97,1250,38,82,95
49,massachusetts,Tahanto Regional High School,/massachusetts/boylston/196-Tahanto-Regional-High-School/,"1001 Main Street, Boylston, MA 01505",97,1177,27,85,93
50,massachusetts,O'bryant School Math/Science,/massachusetts/boston/233-Obryant-School-Math-Science/,"55 Malcolm X Boulevard, Boston, MA 02120",96,1084,35,87,91
51,massachusetts,Canton High School,/massachusetts/canton/447-Canton-High-School/,"900 Washington Street, Canton, MA 02021",96,1142,24,87,96
52,massachusetts,Groton-Dunstable Regional High School,/massachusetts/groton/758-Groton-Dunstable-Regional-High-School/,"703 Chicopee Row, Groton, MA 01450",98,1196,28,88,90
53,massachusetts,The Bromfield School,/massachusetts/harvard/784-The-Bromfield-School/,"14 Massachusetts Avenue, Harvard, MA 01451",95,1213,37,84,97
54,massachusetts,Holliston High School,/massachusetts/holliston/826-Holliston-High-School/,"370 Hollis Street, Holliston, MA 01746",95,1190,37,85,93
55,massachusetts,Lincoln-Sudbury Regional High School,/massachusetts/sudbury/918-Lincoln-Sudbury-Regional-High-School/,"390 Lincoln Road, Sudbury, MA 01776",99,1263,14,81,93
56,massachusetts,Littleton High School,/massachusetts/littleton/919-Littleton-High-School/,"56 King Street, Littleton, MA 01460",98,1198,15,85,96
57,massachusetts,Mansfield High School,/massachusetts/mansfield/1017-Mansfield-High-School/,"250 East Street, Mansfield, MA 02048",96,1163,18,83,95
58,massachusetts,Marshfield High School,/massachusetts/marshfield/1037-Marshfield-High-School/,"167 Forest Street, Marshfield, MA 02050",97,1127,13,76,92
59,massachusetts,Nashoba Regional,/massachusetts/bolton/1151-Nashoba-Regional/,"12 Green Road, Bolton, MA 01740",95,1201,27,86,94
60,massachusetts,Newton North High School,/massachusetts/newton/1220-Newton-North-High-School/,"457 Walnut Street, Newton, MA 02460",95,1234,24,77,94
61,massachusetts,Newton South High School,/massachusetts/newton/1221-Newton-South-High-School/,"140 Brandeis Road, Newton, MA 02459",98,1271,29,79,96
62,massachusetts,Pentucket Regional Sr High School,/massachusetts/haverhill/1340-Pentucket-Regional-Sr-High-School/,"24 East Main Street, West Newbury, MA 01985",95,1158,23,81,94
63,massachusetts,North Quincy High School,/massachusetts/quincy/1391-North-Quincy-High-School/,"316 Hancock Street, Quincy, MA 02171",96,1120,14,70,90
64,massachusetts,Scituate High School,/massachusetts/scituate/1456-Scituate-High-School/,"606 Chief Justice Cushing Highway, Scituate, MA 02066",96,1146,33,83,94
65,massachusetts,Sharon High School,/massachusetts/sharon/1467-Sharon-High-School/,"181 Pond Street, Sharon, MA 02067",96,1236,28,87,96
66,massachusetts,Shrewsbury Sr High School,/massachusetts/shrewsbury/1475-Shrewsbury-Sr-High-School/,"64 Holden Street, Shrewsbury, MA 01545",97,1195,17,91,93
67,massachusetts,Swampscott High School,/massachusetts/swampscott/1603-Swampscott-High-School/,"200 Essex Street, Swampscott, MA 01907",96,1148,24,81,Not available
68,massachusetts,Walpole High School,/massachusetts/walpole/1680-Walpole-High-School/,"275 Common Street, Walpole, MA 02081",97,1134,18,87,93
69,massachusetts,Wayland High School,/massachusetts/wayland/1716-Wayland-High-School/,"264 Old Connecticut Path, Wayland, MA 01778",98,1255,45,90,96
70,massachusetts,Westford Academy,/massachusetts/westford/1767-Westford-Academy/,"30 Patten Road, Westford, MA 01886",98,1258,23,88,97
71,massachusetts,Weston High School,/massachusetts/weston/1772-Weston-High-School/,"444 Wellesley Street, Weston, MA 02493",98,1264,40,83,97
72,massachusetts,Essex Technical High School,/massachusetts/danvers/6260-Essex-Technical-High-School/,"562 Maple Street, Danvers, MA 01923",97,1000,5,58,85
73,massachusetts,Amesbury High School,/massachusetts/amesbury/83-Amesbury-High-School/,"5 Highland Street, Amesbury, MA 01913",94,1170,18,65,79
74,massachusetts,Amherst Regional High School,/massachusetts/amherst/91-Amherst-Regional-High-School/,"21 Mattoon Street, Amherst, MA 01002",93,1229,21,79,91
75,massachusetts,Andover High School,/massachusetts/andover/93-Andover-High-School/,"80 Shawsheen Road, Andover, MA 01810",97,1202,26,82,96
76,massachusetts,Belchertown High School,/massachusetts/belchertown/172-Belchertown-High-School/,"142 Springfield Road, Belchertown, MA 01007",96,1151,10,76,95
77,massachusetts,Bellingham High School,/massachusetts/bellingham/176-Bellingham-High-School/,"60 Blackstone Street, Bellingham, MA 02019",92,1102,19,64,80
78,massachusetts,Bristol County Agricultural High School,/massachusetts/dighton/388-Bristol-County-Agricultural-High-School/,"135 Center Street, Dighton, MA 02715",100,1072,0,77,90
79,massachusetts,Brookline High School,/massachusetts/brookline/416-Brookline-High-School/,"115 Greenough Street, Brookline, MA 02445",94,1265,22,78,94
80,massachusetts,Burlington High School,/massachusetts/burlington/425-Burlington-High-School/,"123 Cambridge Street, Burlington, MA 01803",97,1154,23,77,94
81,massachusetts,Dedham High School,/massachusetts/dedham/530-Dedham-High-School/,"140 Whiting Avenue, Dedham, MA 02026",94,1098,30,77,89
82,massachusetts,Oliver Ames High School,/massachusetts/easton/590-Oliver-Ames-High-School/,"100 Lothrop Street, Easton, MA 02356",99,1141,27,90,90
83,massachusetts,Foxborough High School,/massachusetts/foxborough/670-Foxborough-High-School/,"120 South Street, Foxborough, MA 02035",100,1143,25,86,97
84,massachusetts,Franklin High School,/massachusetts/franklin/690-Franklin-High-School/,"218 Oak Street, Franklin, MA 02038",96,1164,6,89,95
85,massachusetts,Apponequet Regional High School,/massachusetts/lakeville/700-Apponequet-Regional-High-School/,"100 Howland Road, Lakeville, MA 02347",93,1119,24,83,92
86,massachusetts,Georgetown Middle/High School,/massachusetts/georgetown/716-Georgetown-Middle-High-School/,"11 Winter Street, Georgetown, MA 01833",95,1143,11,80,90
87,massachusetts,Minnechaug Regional High School,/massachusetts/wilbraham/770-Minnechaug-Regional-High-School/,"621 Main Street, Wilbraham, MA 01095",97,1141,18,81,93
88,massachusetts,Hopedale Jr Sr High School,/massachusetts/hopedale/844-Hopedale-Jr-Sr-High-School/,"25 Adin Street, Hopedale, MA 01747",98,1156,26,82,93
89,massachusetts,Ipswich High School,/massachusetts/ipswich/860-Ipswich-High-School/,"134 High Street, Ipswich, MA 01938",97,1133,23,81,94
90,massachusetts,King Philip Regional High School,/massachusetts/wrentham/864-King-Philip-Regional-High-School/,"201 Franklin Street, Wrentham, MA 02093",96,1168,30,88,92
91,massachusetts,Lenox Memorial High School,/massachusetts/lenox/894-Lenox-Memorial-High-School/,"197 East Street, Lenox, MA 01240",96,1223,24,78,85
92,massachusetts,Marblehead High School,/massachusetts/marblehead/1023-Marblehead-High-School/,"2 Humphrey Street, Marblehead, MA 01945",97,1173,29,82,95
93,massachusetts,Medway High School,/massachusetts/medway/1074-Medway-High-School/,"88 Summer Street, Medway, MA 02053",98,1155,34,86,95
94,massachusetts,Melrose High School,/massachusetts/melrose/1081-Melrose-High-School/,"360 Lynn Fells Parkway, Melrose, MA 02176",97,1134,28,84,93
95,massachusetts,Millis High School,/massachusetts/millis/1120-Millis-High-School/,"245 Plain Street, Millis, MA 02054",97,1098,24,85,99
96,massachusetts,Milton High School,/massachusetts/milton/1124-Milton-High-School/,"25 Gile Road, Milton, MA 02186",96,1157,30,80,95
97,massachusetts,Natick High School,/massachusetts/natick/1161-Natick-High-School/,"15 West Street, Natick, MA 01760",96,1178,25,82,93
98,massachusetts,Newburyport High School,/massachusetts/newburyport/1203-Newburyport-High-School/,"241 High Street, Newburyport, MA 01950",94,1169,19,78,96
99,massachusetts,Norfolk County Agricultural High School,/massachusetts/walpole/1228-Norfolk-County-Agricultural-High-School/,"400 Main Street, Walpole, MA 02081",100,1073,0,76,84
100,massachusetts,North Andover High School,/massachusetts/north-andover/1239-North-Andover-High-School/,"430 Osgood Street, North Andover, MA 01845",96,1151,22,87,93
101,massachusetts,North Attleboro High School,/massachusetts/north-attleborough/1248-North-Attleboro-High-School/,"1 Wilson West Whitty Way, North Attleborough, MA 02760",95,1163,30,83,93
102,massachusetts,North Reading High School,/massachusetts/north-reading/1263-North-Reading-High-School/,"189 Park Street, North Reading, MA 01864",97,1166,32,86,91
103,massachusetts,Old Colony Regional Vocational Technical,/massachusetts/rochester/1305-Old-Colony-Regional-Vocational-Technical/,"476 North Avenue, Rochester, MA 02770",97,1048,0,59,82
104,massachusetts,Pathways Early College Innovation School,/massachusetts/gardner/5351-Pathways-Early-College-Innovation-School/,"444 Green Street, Gardner, MA 01440",94,1165,0,75,67
105,massachusetts,Reading Memorial High School,/massachusetts/reading/1410-Reading-Memorial-High-School/,"62 Oakland Road, Reading, MA 01867",97,1159,17,87,94
106,massachusetts,Shawsheen Valley Vocational Technical High School,/massachusetts/billerica/1463-Shawsheen-Valley-Vocational-Technical-High-School/,"100 Cook Street, Billerica, MA 01821",97,1036,0,53,87
107,massachusetts,Silver Lake Regional High School,/massachusetts/kingston/1481-Silver-Lake-Regional-High-School/,"260 Pembroke Street, Kingston, MA 02364",96,1143,19,66,92
108,massachusetts,Stoneham High School,/massachusetts/stoneham/1581-Stoneham-High-School/,"149 Franklin Street, Stoneham, MA 02180",94,1128,22,73,90
109,massachusetts,Tantasqua Regional Sr High School,/massachusetts/sturbridge/1612-Tantasqua-Regional-Sr-High-School/,"319 Brookfield Road, Sturbridge, MA 01518",94,1181,49,76,86
110,massachusetts,Tyngsborough High School,/massachusetts/tyngsborough/1647-Tyngsborough-High-School/,"36 Norris Road, Tyngsborough, MA 01879",98,1122,25,84,89
111,massachusetts,Wilmington High School,/massachusetts/wilmington/1817-Wilmington-High-School/,"159 Church Street, Wilmington, MA 01887",98,1119,15,86,95
112,massachusetts,Abington High School,/massachusetts/abington/56-Abington-High-School/,"201 Gliniewicz Way, Abington, MA 02351",94,1070,15,85,89
113,massachusetts,Assabet Valley Vocational High School,/massachusetts/marlborough/120-Assabet-Valley-Vocational-High-School/,"215 Fitchburg Street, Marlborough, MA 01752",98,998,5,38,72
114,massachusetts,Auburn Senior High School,/massachusetts/auburn/141-Auburn-Senior-High-School/,"99 Auburn Street, Auburn, MA 01501",94,1102,34,86,95
115,massachusetts,Monument Mt Regional High School,/massachusetts/great-barrington/190-Monument-Mt-Regional-High-School/,"600 Stockbridge Road, Great Barrington, MA 01230",95,1133,20,69,96
116,massachusetts,Braintree High School,/massachusetts/braintree/366-Braintree-High-School/,"128 Town Street, Braintree, MA 02184",96,1141,19,78,94
117,massachusetts,Bridgewater-Raynham Regional,/massachusetts/bridgewater/380-Bridgewater-Raynham-Regional/,"415 Center Street, Bridgewater, MA 02324",91,1115,28,75,90
118,massachusetts,Danvers High School,/massachusetts/danvers/515-Danvers-High-School/,"60 Cabot Road, Danvers, MA 01923",96,1115,26,75,90
119,massachusetts,Dighton-Rehoboth Regional High School,/massachusetts/dighton/545-Dighton-Rehoboth-Regional-High-School/,"2700 Regional Road, Dighton, MA 02764",93,1119,21,74,87
120,massachusetts,Dracut Senior High School,/massachusetts/dracut/557-Dracut-Senior-High-School/,"1540 Lakeview Avenue, Dracut, MA 01826",91,1088,15,71,90
121,massachusetts,Shepherd Hill Regional High School,/massachusetts/dudley/566-Shepherd-Hill-Regional-High-School/,"68 Dudley Oxford Road, Dudley, MA 01571",94,1120,24,75,90
122,massachusetts,East Longmeadow High School,/massachusetts/east-longmeadow/576-East-Longmeadow-High-School/,"180 Maple Street, East Longmeadow, MA 01028",96,1113,29,80,94
123,massachusetts,Easthampton High School,/massachusetts/easthampton/584-Easthampton-High-School/,"70 Williston Avenue, Easthampton, MA 01027",93,1127,35,76,82
124,massachusetts,Falmouth High School,/massachusetts/falmouth/654-Falmouth-High-School/,"874 Gifford Street, Falmouth, MA 02536",92,1129,20,74,89
125,massachusetts,Frontier Regional,/massachusetts/deerfield/702-Frontier-Regional/,"113 North Main Street, Deerfield, MA 01373",91,1143,20,79,86
126,massachusetts,Grafton High School,/massachusetts/grafton/735-Grafton-High-School/,"24 Providence Road, Grafton, MA 01536",93,1157,19,75,90
127,massachusetts,Diman Regional Vocational Technical High School,/massachusetts/fall-river/746-Diman-Regional-Vocational-Technical-High-School/,"251 Stonehaven Road, Fall River, MA 02723",97,996,1,52,83
128,massachusetts,Hopkins Academy,/massachusetts/hadley/761-Hopkins-Academy/,"131 Russell Street, Hadley, MA 01035",93,1137,46,85,97
129,massachusetts,Hampshire Regional High School,/massachusetts/westhampton/776-Hampshire-Regional-High-School/,"19 Stage Road, Westhampton, MA 01027",98,1150,16,76,91
130,massachusetts,Hanover High School,/massachusetts/hanover/780-Hanover-High-School/,"287 Cedar Street, Hanover, MA 02339",97,1113,26,84,92
131,massachusetts,Smith Academy,/massachusetts/hatfield/790-Smith-Academy/,"34 School Street, Hatfield, MA 01038",100,1110,35,86,87
132,massachusetts,Lee Middle/High School,/massachusetts/lee/889-Lee-Middle-High-School/,"300 Greylock Street, Lee, MA 01238",80,1125,35,65,79
133,massachusetts,Ludlow Senior High School,/massachusetts/ludlow/960-Ludlow-Senior-High-School/,"500 Chapin Street, Ludlow, MA 01056",92,1117,15,74,94
134,massachusetts,Lunenburg High School,/massachusetts/lunenburg/962-Lunenburg-High-School/,"1079 Massachusetts Avenue, Lunenburg, MA 01462",96,1109,29,82,90
135,massachusetts,Minuteman Regional High School,/massachusetts/lexington/1127-Minuteman-Regional-High-School/,"758 Marrett Road, Lexington, MA 02421",92,1044,2,53,77
136,massachusetts,Narragansett Regional High School,/massachusetts/templeton/1144-Narragansett-Regional-High-School/,"464 Baldwinville Road, Templeton, MA 01436",85,1111,24,71,88
137,massachusetts,North Middlesex Regional High School,/massachusetts/townsend/1255-North-Middlesex-Regional-High-School/,"19 Main Street, Townsend, MA 01469",96,1111,31,82,90
138,massachusetts,Norton High School,/massachusetts/norton/1290-Norton-High-School/,"66 West Main Street, Norton, MA 02766",91,1092,24,73,93
139,massachusetts,Old Rochester Regional High School,/massachusetts/mattapoisett/1306-Old-Rochester-Regional-High-School/,"135 Marion Road, Mattapoisett, MA 02739",95,1133,22,82,95
140,massachusetts,Pioneer Valley Regional,/massachusetts/northfield/1342-Pioneer-Valley-Regional/,"97 F Sumner Turner Drive, Northfield, MA 01360",98,1097,19,75,89
141,massachusetts,Sandwich High School,/massachusetts/sandwich/1441-Sandwich-High-School/,"365 Quaker Meeting House Road, Sandwich, MA 02537",96,1125,27,85,94
142,massachusetts,Seekonk High School,/massachusetts/seekonk/1461-Seekonk-High-School/,"261 Arcade Avenue, Seekonk, MA 02771",97,1119,23,77,93
143,massachusetts,Mt Everett Regional,/massachusetts/sheffield/1518-Mt-Everett-Regional/,"P O Box 219, Sheffield, MA 01257",90,1158,23,72,83
144,massachusetts,Joseph Case High School,/massachusetts/swansea/1608-Joseph-Case-High-School/,"70 School Street, Swansea, MA 02777",95,1109,16,72,87
145,massachusetts,Tri County Regional Vocational Technical,/massachusetts/franklin/1639-Tri-County-Regional-Vocational-Technical/,"147 Pond Street, Franklin, MA 02038",97,1059,5,48,91
146,massachusetts,Upper Cape Cod Vocational Technical,/massachusetts/bourne/1649-Upper-Cape-Cod-Vocational-Technical/,"220 Sandwich Road, Bourne, MA 02532",97,1067,0,49,78
147,massachusetts,Wachusett Regional High School,/massachusetts/holden/1664-Wachusett-Regional-High-School/,"1401 Main Street, Holden, MA 01520",96,1156,18,85,91
148,massachusetts,Wakefield Memorial High School,/massachusetts/wakefield/1673-Wakefield-Memorial-High-School/,"60 Farm Street, Wakefield, MA 01880",95,1123,24,82,92
149,massachusetts,Quaboag Regional High School,/massachusetts/west-brookfield/1706-Quaboag-Regional-High-School/,"284 Old West Brookfield Road, West Brookfield, MA 01585",87,1093,22,45,94
150,massachusetts,West Boylston Junior/Senior High School,/massachusetts/west-boylston/1731-West-Boylston-Junior-Senior-High-School/,"125 Crescent Street, West Boylston, MA 01583",95,1102,22,87,88
151,massachusetts,West Bridgewater Middle-Senior High School,/massachusetts/west-bridgewater/1734-West-Bridgewater-Middle-Senior-High-School/,"155 West Center Street, West Bridgewater, MA 02379",99,1090,24,79,83
152,massachusetts,Whitman Hanson Regional,/massachusetts/whitman/1807-Whitman-Hanson-Regional/,"600 Franklin Street, Whitman, MA 02382",96,1081,31,70,85
153,massachusetts,Whittier Regional Vocational,/massachusetts/haverhill/1808-Whittier-Regional-Vocational/,"115 Amesbury Line Road, Haverhill, MA 01830",99,1026,0,54,79
154,massachusetts,Worcester Technical High School,/massachusetts/worcester/1892-Worcester-Technical-High-School/,"1 Skyline Drive, Worcester, MA 01605",99,972,14,56,75
155,massachusetts,Sutton High School,/massachusetts/sutton/2601-Sutton-High-School/,"409 Boston Road, Sutton, MA 01590",94,1121,26,84,88
156,massachusetts,Pembroke High School,/massachusetts/pembroke/3211-Pembroke-High-School/,"80 Learning Lane, Pembroke, MA 02359",91,1135,26,75,92
157,massachusetts,Monomoy Regional High School,/massachusetts/harwich/6270-Monomoy-Regional-High-School/,"75 Oak Street, Harwich, MA 02645",92,1087,19,69,85
158,massachusetts,Oakmont Regional High School,/massachusetts/ashburnham/110-Oakmont-Regional-High-School/,"9 Oakmont Drive, Ashburnham, MA 01430",94,1106,14,77,93
159,massachusetts,Ayer Shirley Regional High School,/massachusetts/ayer/152-Ayer-Shirley-Regional-High-School/,"141 Washington Street, Ayer, MA 01432",92,1074,7,62,80
160,massachusetts,Barnstable High School,/massachusetts/barnstable/153-Barnstable-High-School/,"744 West Main Street, Barnstable, MA 02601",87,1122,32,70,88
161,massachusetts,Billerica Memorial High School,/massachusetts/billerica/208-Billerica-Memorial-High-School/,"35 River Street, Billerica, MA 01821",86,1102,19,82,90
162,massachusetts,Blackstone Millville Rhs,/massachusetts/blackstone/219-Blackstone-Millville-Rhs/,"175 Lincoln Street, Blackstone, MA 01504",92,1080,20,66,87
163,massachusetts,Blue Hills Regional Vocational Technical,/massachusetts/canton/223-Blue-Hills-Regional-Vocational-Technical/,"800 Randolph Street, Canton, MA 02021",96,1014,2,47,75
164,massachusetts,Bristol-Plymouth Vocational Technical,/massachusetts/taunton/389-Bristol-Plymouth-Vocational-Technical/,"207 Hart Street, Taunton, MA 02780",98,1033,8,48,82
165,massachusetts,Carver Middle/High School,/massachusetts/carver/5337-Carver-Middle-High-School/,"60 South Meadow Road, Carver, MA 02330",92,1122,25,72,88
166,massachusetts,Cape Cod Region Vocational Technical,/massachusetts/harwich/452-Cape-Cod-Region-Vocational-Technical/,"351 Pleasant Lake Avenue, Harwich, MA 02645",89,998,4,39,88
167,massachusetts,Wahconah Regional High School,/massachusetts/dalton/462-Wahconah-Regional-High-School/,"150 Old Windsor Road, Dalton, MA 01226",91,1107,21,88,84
168,massachusetts,Clinton Senior High School,/massachusetts/clinton/503-Clinton-Senior-High-School/,"200 West Boylston Street, Clinton, MA 01510",96,1037,14,56,84
169,massachusetts,Dartmouth High School,/massachusetts/dartmouth/523-Dartmouth-High-School/,"555 Bakerville Road, Dartmouth, MA 02748",90,1101,36,85,90
170,massachusetts,Douglas High School,/massachusetts/douglas/549-Douglas-High-School/,"33 Davis Street, Douglas, MA 01516",90,1082,23,74,96
171,massachusetts,East Bridgewater High School,/massachusetts/east-bridgewater/573-East-Bridgewater-High-School/,"143 Plymouth Street, East Bridgewater, MA 02333",96,1062,35,78,91
172,massachusetts,Fairhaven High School,/massachusetts/fairhaven/611-Fairhaven-High-School/,"12 Huttleston Avenue, Fairhaven, MA 02719",87,1096,17,71,89
173,massachusetts,Framingham High School,/massachusetts/framingham/687-Framingham-High-School/,"115 A Street, Framingham, MA 01701",84,1137,0,73,94
174,massachusetts,Holbrook Jr Sr High School,/massachusetts/holbrook/819-Holbrook-Jr-Sr-High-School/,"245 South Franklin Street, Holbrook, MA 02343",86,1023,13,66,91
175,massachusetts,Hudson High School,/massachusetts/hudson/855-Hudson-High-School/,"69 Brigham Street, Hudson, MA 01749",80,1107,24,79,94
176,massachusetts,Marthas Vineyard Regional High School,/massachusetts/oak-bluffs/1040-Marthas-Vineyard-Regional-High-School/,"100 Edgartown Vineyard Haven Road, Oak Bluffs, MA 02557",92,1121,19,60,83
177,massachusetts,Medford Vocational Technical High School,/massachusetts/medford/1064-Medford-Vocational-Technical-High-School/,"489 Winthrop Street, Medford, MA 02155",97,908,0,28,63
178,massachusetts,Medford High School,/massachusetts/medford/1066-Medford-High-School/,"489 Winthrop Street, Medford, MA 02155",90,1097,14,81,91
179,massachusetts,Middleborough High School,/massachusetts/middleborough/1103-Middleborough-High-School/,"71 East Grove Street, Middleborough, MA 02346",91,1098,17,70,86
180,massachusetts,Mohawk Trail Regional High School,/massachusetts/shelburne-falls/1131-Mohawk-Trail-Regional-High-School/,"26 Ashfield Road, Shelburne Falls, MA 01370",81,1168,18,73,86
181,massachusetts,Montachusett Regional Vocational Technical,/massachusetts/westminster/1136-Montachusett-Regional-Vocational-Technical/,"1050 Westminster Street, Westminster, MA 01473",98,1042,10,52,84
182,massachusetts,Nashoba Valley Technical High School,/massachusetts/westford/1154-Nashoba-Valley-Technical-High-School/,"100 Littleton Road, Westford, MA 01886",99,1022,11,46,82
183,massachusetts,Northbridge High School,/massachusetts/northbridge/1282-Northbridge-High-School/,"427 Linwood Avenue, Northbridge, MA 01588",94,1045,25,69,86
184,massachusetts,Charles Mccann Vocational Technical,/massachusetts/north-adams/1285-Charles-Mccann-Vocational-Technical/,"70 Hodges Cross Road, North Adams, MA 01247",91,1032,4,51,75
185,massachusetts,Northeast Metro Regional Vocational,/massachusetts/wakefield/1286-Northeast-Metro-Regional-Vocational/,"100 Hemlock Road, Wakefield, MA 01880",99,953,0,39,78
186,massachusetts,Norwood High School,/massachusetts/norwood/1302-Norwood-High-School/,"245 Nichols Street, Norwood, MA 02062",89,1102,23,75,90
187,massachusetts,Plymouth South High School,/massachusetts/plymouth/1365-Plymouth-South-High-School/,"490 Long Pond Road, Plymouth, MA 02360",97,1050,21,63,89
188,massachusetts,Quincy High School,/massachusetts/quincy/1392-Quincy-High-School/,"100 Coddington Street, Quincy, MA 02169",92,1078,12,61,89
189,massachusetts,Rockport High School,/massachusetts/rockport/1428-Rockport-High-School/,"24 Jerdens Lane, Rockport, MA 01966",95,1132,21,82,89
190,massachusetts,Somerville High School,/massachusetts/somerville/1496-Somerville-High-School/,"81 Highland Avenue, Somerville, MA 02143",87,1045,20,57,89
191,massachusetts,South Hadley High School,/massachusetts/south-hadley/1503-South-Hadley-High-School/,"153 Newton Street, South Hadley, MA 01075",91,1095,21,70,90
192,massachusetts,So Shore Vocational Technical High School,/massachusetts/hanover/1505-So-Shore-Vocational-Technical-High-School/,"476 Webster Street, Hanover, MA 02339",93,987,0,45,86
193,massachusetts,Tantasqua Regional Vocational,/massachusetts/sturbridge/1613-Tantasqua-Regional-Vocational/,"319 Brookfield Road, Sturbridge, MA 01518",96,1053,5,35,69
194,massachusetts,Tewksbury Memorial High School,/massachusetts/tewksbury/1635-Tewksbury-Memorial-High-School/,"320 Pleasant Street, Tewksbury, MA 01876",95,1104,21,84,90
195,massachusetts,Triton Regional High School,/massachusetts/newbury/1644-Triton-Regional-High-School/,"112 Elm Street, Newbury, MA 01922",87,1134,18,76,96
196,massachusetts,Uxbridge High School,/massachusetts/uxbridge/1652-Uxbridge-High-School/,"300 Quaker Highway, Uxbridge, MA 01569",91,1081,21,71,86
197,massachusetts,Watertown High School,/massachusetts/watertown/1711-Watertown-High-School/,"50 Columbia Street, Watertown, MA 02472",93,1114,17,83,91
198,massachusetts,Winthrop Sr High School,/massachusetts/winthrop/1832-Winthrop-Sr-High-School/,"400 Main Street, Winthrop, MA 02152",82,1066,33,80,84
199,massachusetts,Woburn High School,/massachusetts/woburn/1844-Woburn-High-School/,"88 Montvale Avenue, Woburn, MA 01801",92,1106,11,77,84
200,massachusetts,Quabbin Regional High School,/massachusetts/barre/1-Quabbin-Regional-High-School/,"800 South Street, Barre, MA 01005",85,1101,14,72,91
201,massachusetts,Hoosac Valley High School,/massachusetts/cheshire/72-Hoosac-Valley-High-School/,"125 Savoy Road, Cheshire, MA 01225",79,1052,27,70,82
202,massachusetts,Attleboro High School,/massachusetts/attleboro/130-Attleboro-High-School/,"100 Rathbun Willard Drive, Attleboro, MA 02703",93,1101,18,71,88
203,massachusetts,Beverly High School,/massachusetts/beverly/198-Beverly-High-School/,"100 Sohier Road, Beverly, MA 01915",90,1121,6,73,87
204,massachusetts,Bourne High School,/massachusetts/bourne/358-Bourne-High-School/,"75 Waterhouse Road, Bourne, MA 02532",92,1076,21,70,71
205,massachusetts,Dennis-Yarmouth Regional High School,/massachusetts/yarmouth/536-Dennis-Yarmouth-Regional-High-School/,"210 Station Avenue, Yarmouth, MA 02664",80,1067,15,67,81
206,massachusetts,Franklin County Technical,/massachusetts/montague/698-Franklin-County-Technical/,"82 Industrial Boulevard, Montague, MA 01376",88,1081,7,28,68
207,massachusetts,Gardner High School,/massachusetts/gardner/704-Gardner-High-School/,"200 Catherine Street, Gardner, MA 01440",92,1000,23,68,86
208,massachusetts,Gloucester High School,/massachusetts/gloucester/727-Gloucester-High-School/,"32 Leslie O Johnson Road, Gloucester, MA 01930",90,1078,12,63,85
209,massachusetts,Greater Lowell Technical High School,/massachusetts/tyngsborough/745-Greater-Lowell-Technical-High-School/,"250 Pawtucket Boulevard, Tyngsborough, MA 01879",96,982,0,39,72
210,massachusetts,Greenfield High School,/massachusetts/greenfield/752-Greenfield-High-School/,"21 Barr Avenue, Greenfield, MA 01301",82,1155,20,50,68
211,massachusetts,Leicester High School,/massachusetts/leicester/891-Leicester-High-School/,"174 Paxton Street, Leicester, MA 01524",91,1080,21,74,84
212,massachusetts,Leominster Senior High School,/massachusetts/leominster/900-Leominster-Senior-High-School/,"122 Granite Street, Leominster, MA 01453",89,1083,9,69,84
213,massachusetts,Maynard High School,/massachusetts/maynard/1051-Maynard-High-School/,"1 Tiger Drive, Maynard, MA 01754",91,1088,23,76,91
214,massachusetts,Milford High School,/massachusetts/milford/1111-Milford-High-School/,"31 West Fountain Street, Milford, MA 01757",87,1095,29,75,89
215,massachusetts,Millbury Junior/Senior High School,/massachusetts/millbury/1116-Millbury-Junior-Senior-High-School/,"12 Martin Street, Millbury, MA 01527",94,1068,16,62,81
216,massachusetts,Nantucket High School,/massachusetts/nantucket/1141-Nantucket-High-School/,"10 Surfside Road, Nantucket, MA 02554",85,1074,23,67,92
217,massachusetts,Gr New Bedford Vocational Technical,/massachusetts/new-bedford/1198-Gr-New-Bedford-Vocational-Technical/,"1121 Ashley Boulevard, New Bedford, MA 02745",89,1000,0,54,80
218,massachusetts,Smith Vocational And Agricultural High School,/massachusetts/northampton/1272-Smith-Vocational-And-Agricultural-High-School/,"80 Locust Street, Northampton, MA 01060",91,944,0,23,57
219,massachusetts,Oxford High School,/massachusetts/oxford/1315-Oxford-High-School/,"100 Carbuncle Drive, Oxford, MA 01540",94,1059,26,61,82
220,massachusetts,Peabody Veterans Memorial High School,/massachusetts/peabody/1328-Peabody-Veterans-Memorial-High-School/,"485 Lowell Street, Peabody, MA 01960",87,1081,23,70,89
221,massachusetts,Pittsfield High School,/massachusetts/pittsfield/1352-Pittsfield-High-School/,"300 East Street, Pittsfield, MA 01201",80,1120,27,58,84
222,massachusetts,Taconic High School,/massachusetts/pittsfield/1356-Taconic-High-School/,"96 Valentine Road, Pittsfield, MA 01201",88,1100,22,62,77
223,massachusetts,Plymouth North High School,/massachusetts/plymouth/1364-Plymouth-North-High-School/,"41 Obery Street, Plymouth, MA 02360",90,1088,16,65,90
224,massachusetts,Ralph C Mahar Regional,/massachusetts/orange/1397-Ralph-C-Mahar-Regional/,"507 South Main Street, Orange, MA 01364",82,1086,13,59,79
225,massachusetts,Southeastern Regional Vocational Technical,/massachusetts/easton/1515-Southeastern-Regional-Vocational-Technical/,"250 Foundry Street, Easton, MA 02375",97,937,9,45,62
226,massachusetts,Waltham Sr High School,/massachusetts/waltham/1694-Waltham-Sr-High-School/,"617 Lexington Street, Waltham, MA 02452",84,1049,16,70,88
227,massachusetts,Ware Junior/Senior High School,/massachusetts/ware/1696-Ware-Junior-Senior-High-School/,"237 West Street, Ware, MA 01082",82,1083,6,60,88
228,massachusetts,Wareham Senior High School,/massachusetts/wareham/1703-Wareham-Senior-High-School/,"7 Viking Drive, Wareham, MA 02571",82,1058,16,60,81
229,massachusetts,Westfield High School,/massachusetts/westfield/1757-Westfield-High-School/,"177 Montgomery Road, Westfield, MA 01085",85,1116,37,74,87
230,massachusetts,Weymouth High School,/massachusetts/weymouth/1792-Weymouth-High-School/,"1 Wildcat Way, Weymouth, MA 02190",88,1082,16,59,88
231,massachusetts,Avon Middle High School,/massachusetts/avon/2572-Avon-Middle-High-School/,"287 West Main Street, Avon, MA 02322",92,1050,17,70,93
232,massachusetts,David Prouty High School,/massachusetts/spencer/8-David-Prouty-High-School/,"302 Main Street, Spencer, MA 01562",84,1060,43,65,85
233,massachusetts,Jeremiah E Burke High School,/massachusetts/boston/273-Jeremiah-E-Burke-High-School/,"60 Washington Street, Boston, MA 02121",76,846,17,39,58
234,massachusetts,Fenway High School,/massachusetts/boston/338-Fenway-High-School/,"67 Alleghany Street, Boston, MA 02120",90,910,0,70,81
235,massachusetts,Harbor School,/massachusetts/boston/343-Harbor-School/,"18 Croftland Avenue, Boston, MA 02124",70,884,0,50,Not available
236,massachusetts,Boston Arts Academy,/massachusetts/boston/348-Boston-Arts-Academy/,"174 Ipswich Street, Boston, MA 02215",90,958,3,65,89
237,massachusetts,Brockton High School,/massachusetts/brockton/392-Brockton-High-School/,"470 Forest Avenue, Brockton, MA 02301",87,985,7,65,78
238,massachusetts,Chicopee High School,/massachusetts/chicopee/492-Chicopee-High-School/,"820 Front Street, Chicopee, MA 01020",79,1048,34,68,83
239,massachusetts,Everett High School,/massachusetts/everett/606-Everett-High-School/,"100 Elm Street, Everett, MA 02149",79,987,11,52,83
240,massachusetts,B M C Durfee High School,/massachusetts/fall-river/620-B-M-C-Durfee-High-School/,"360 Elsbree Street, Fall River, MA 02720",80,1070,14,55,74
241,massachusetts,Turners Fall High School,/massachusetts/montague/719-Turners-Fall-High-School/,"222 Turnpike Road, Montague, MA 01351",87,1089,19,51,90
242,massachusetts,Haverhill High School,/massachusetts/haverhill/802-Haverhill-High-School/,"137 Monument Street, Haverhill, MA 01832",83,1082,16,62,75
243,massachusetts,Lowell High School,/massachusetts/lowell/949-Lowell-High-School/,"50 Father Morissette Boulevard, Lowell, MA 01852",85,1052,17,69,87
244,massachusetts,Lynn Vocational Technical Institute,/massachusetts/lynn/993-Lynn-Vocational-Technical-Institute/,"80 Neptune Boulevard, Lynn, MA 01902",86,955,3,41,64
245,massachusetts,Malden High School,/massachusetts/malden/1007-Malden-High-School/,"77 Salem Street, Malden, MA 02148",85,1050,27,67,84
246,massachusetts,Marlborough High School,/massachusetts/marlborough/1030-Marlborough-High-School/,"431 Bolton Street, Marlborough, MA 01752",86,1071,28,65,89
247,massachusetts,North Brookfield High School,/massachusetts/north-brookfield/1252-North-Brookfield-High-School/,"10 High School Drive, North Brookfield, MA 01535",90,1081,14,42,89
248,massachusetts,Palmer High School,/massachusetts/palmer/1317-Palmer-High-School/,"4105 Main Street, Palmer, MA 01069",86,1083,20,72,89
249,massachusetts,Pathfinder Vocational Technical,/massachusetts/palmer/1320-Pathfinder-Vocational-Technical/,"240 Sykes Street, Palmer, MA 01080",93,995,0,27,66
250,massachusetts,Randolph High School,/massachusetts/randolph/1402-Randolph-High-School/,"70 Memorial Parkway, Randolph, MA 02368",79,980,15,56,79
251,massachusetts,Revere High School,/massachusetts/revere/1416-Revere-High-School/,"101 School Street, Revere, MA 02151",88,993,16,64,85
252,massachusetts,Salem High School,/massachusetts/salem/1436-Salem-High-School/,"77 Willson Street, Salem, MA 01970",87,1045,0,65,81
253,massachusetts,Saugus High School,/massachusetts/saugus/1449-Saugus-High-School/,"1 Pearce Memorial Drive, Saugus, MA 01906",89,1033,24,76,91
254,massachusetts,Joseph P Keefe Technical High School,/massachusetts/framingham/1522-Joseph-P-Keefe-Technical-High-School/,"750 Winter Street, Framingham, MA 01702",92,947,0,36,62
255,massachusetts,Putnam Vocational Technical High School,/massachusetts/springfield/1562-Putnam-Vocational-Technical-High-School/,"1300 State Street, Springfield, MA 01109",95,869,8,49,70
256,massachusetts,Taunton High School,/massachusetts/taunton/1627-Taunton-High-School/,"50 Williams Street, Taunton, MA 02780",92,1040,16,73,85
257,massachusetts,Westfield Vocational Tech High School,/massachusetts/westfield/1758-Westfield-Vocational-Tech-High-School/,"33 Smith Avenue, Westfield, MA 01085",93,945,0,39,75
258,massachusetts,Doherty Memorial High School,/massachusetts/worcester/1858-Doherty-Memorial-High-School/,"299 Highland Street, Worcester, MA 01602",88,1008,19,69,84
259,massachusetts,South High Community,/massachusetts/worcester/1883-South-High-Community/,"170 Apricot Street, Worcester, MA 01603",74,952,26,55,73
260,massachusetts,Lawrence High School,/massachusetts/lawrence/6327-Lawrence-High-School/,"70-71 North Parish Road, Lawrence, MA 01843",88,894,0,26,Not available
261,massachusetts,Urban Science Academy,/massachusetts/boston/3186-Urban-Science-Academy/,"1205 VFW Parkway, Boston, MA 02132",61,891,19,49,73
262,massachusetts,The Springfield Renaissance School,/massachusetts/springfield/3250-The-Springfield-Renaissance-School/,"1170 Carew Street, Springfield, MA 01104",94,951,10,72,77
263,massachusetts,Massachusetts Virtual Academy,/massachusetts/greenfield/5290-Massachusetts-Virtual-Academy/,"278 Main Street, Suite 205, Greenfield, MA 01301",31,1122,3,37,71
264,massachusetts,Murdock High School,/massachusetts/winchendon/6225-Murdock-High-School/,"3 Memorial Drive, Winchendon, MA 01475",80,1083,20,46,81
265,massachusetts,Tec Connections Academy Commonwealth Virtual School,/massachusetts/walpole/6282-Tec-Connections-Academy-Commonwealth-Virtual-School/,"141 Mansion Drive  Suite 300  East Walpole, MA 02032 , Walpole, MA 02032",32,1096,8,47,86
266,massachusetts,Athol High School,/massachusetts/athol/121-Athol-High-School/,"2363 Main Street, Athol, MA 01331",75,1001,23,64,85
267,massachusetts,Charlestown High School,/massachusetts/boston/238-Charlestown-High-School/,"240 Medford Street, Boston, MA 02129",55,877,13,53,77
268,massachusetts,Snowden Int'L High School,/massachusetts/boston/240-Snowden-IntL-High-School/,"150 Newbury Street, Boston, MA 02116",80,921,5,77,82
269,massachusetts,Dearborn Middle School,/massachusetts/boston/244-Dearborn-Middle-School/,"60 Washington Street, Boston, MA 02121",78,797,0,Not available,Not available
270,massachusetts,East Boston High School,/massachusetts/boston/248-East-Boston-High-School/,"86 White Street, Boston, MA 02128",74,928,18,50,71
271,massachusetts,The English High School,/massachusetts/boston/319-The-English-High-School/,"144 McBride Street, Boston, MA 02130",60,855,8,45,69
272,massachusetts,Holyoke High School,/massachusetts/holyoke/830-Holyoke-High-School/,"500 Beech Street, Holyoke, MA 01040",75,1027,15,59,68
273,massachusetts,Classical High School,/massachusetts/lynn/974-Classical-High-School/,"235 O'Callaghan Way, Lynn, MA 01905",76,1004,9,55,80
274,massachusetts,Lynn English High School,/massachusetts/lynn/983-Lynn-English-High-School/,"50 Goodridge Street, Lynn, MA 01902",71,983,8,52,80
275,massachusetts,Drury High School,/massachusetts/north-adams/1229-Drury-High-School/,"1130 Church Street, North Adams, MA 01247",76,1031,35,60,79
276,massachusetts,High School Of Commerce,/massachusetts/springfield/1540-High-School-Of-Commerce/,"415 State Street, Springfield, MA 01105",61,844,0,45,53
277,massachusetts,Bartlett High School,/massachusetts/webster/1718-Bartlett-High-School/,"52 Lake Parkway, Webster, MA 01570",73,1057,38,67,89
278,massachusetts,Burncoat Senior High School,/massachusetts/worcester/1850-Burncoat-Senior-High-School/,"179 Burncoat Street, Worcester, MA 01606",84,953,17,49,72
279,massachusetts,Boston Community Leadership Academy,/massachusetts/boston/2690-Boston-Community-Leadership-Academy/,"655 Metropolitan Avenue, Boston, MA 02136",81,923,30,71,80
280,massachusetts,Boston International  High School,/massachusetts/boston/2997-Boston-International--High-School/,"100 Maxwell Street, Boston, MA 02124",43,847,7,55,70
281,massachusetts,Excel High School,/massachusetts/boston/2998-Excel-High-School/,"95 G Street, Boston, MA 02127",70,916,12,58,75
282,massachusetts,Lyon Upper 9-12,/massachusetts/boston/5328-Lyon-Upper-9-12/,"95 Beechcroft Street, Boston, MA 02135",81,927,10,77,74
283,massachusetts,Techboston Academy,/massachusetts/boston/5452-Techboston-Academy/,"9 Peacevale Road, Boston, MA 02124",88,890,10,59,72
284,massachusetts,Brighton High School,/massachusetts/boston/234-Brighton-High-School/,"25 Warren Street, Boston, MA 02135",59,870,10,45,72
285,massachusetts,Madison Park High,/massachusetts/boston/289-Madison-Park-High/,"75 Malcolm X Boulevard, Boston, MA 02120",56,830,0,34,69
286,massachusetts,Egleston Community High School,/massachusetts/boston/341-Egleston-Community-High-School/,"3134 Washington Street, Boston, MA 02119",54,878,0,20,75
287,massachusetts,Wm J Dean Vocational Technical High School,/massachusetts/holyoke/837-Wm-J-Dean-Vocational-Technical-High-School/,"1045 Main Street, Holyoke, MA 01040",59,1083,0,28,35
288,massachusetts,New Bedford High School,/massachusetts/new-bedford/1189-New-Bedford-High-School/,"230 Hathaway Boulevard, New Bedford, MA 02740",65,984,17,53,79
289,massachusetts,North High School,/massachusetts/worcester/1879-North-High-School/,"140 Harrington Way, Worcester, MA 01604",83,887,16,53,72
290,massachusetts,Boston Adult Academy,/massachusetts/boston/2617-Boston-Adult-Academy/,"20 Church Street, Boston, MA 02116",22,780,0,11,61
291,massachusetts,Brockton Champion High School,/massachusetts/brockton/5167-Brockton-Champion-High-School/,"175 Warren Avenue, Brockton, MA 02301",31,1133,0,62,44
292,massachusetts,Dorchester Academy,/massachusetts/boston/5330-Dorchester-Academy/,"11 Charles Street, Boston, MA 02122",Not available,1162,0,36,62
293,massachusetts,Phoenix Academy Lawrence,/massachusetts/lawrence/5426-Phoenix-Academy-Lawrence/,"15 Union Street, Lawrence, MA 01840",25,828,7,45,40
294,massachusetts,Brook Farm/Media High,/massachusetts/boston/5451-Brook-Farm-Media-High/,"1205 VFW Parkway, Boston, MA 02132",63,861,12,52,71
295,massachusetts,Ib School Of Quabbin,/massachusetts/barre/6237-Ib-School-Of-Quabbin/,"800 South Street, Barre, MA 01005",Not available,1664,0,91,Not available
